Price,Close,High,Low,Open,Volume
Ticker,CEG,CEG,CEG,CEG,CEG
Date,,,,,
2022-01-19,40.900970458984375,41.87480308896019,37.0056399390811,37.0056399390811,129900
2022-01-20,43.82246780395508,47.10428268599693,39.87844644457445,39.87844644457445,153400
2022-01-21,43.82246780395508,48.64294000536546,41.826111680305786,41.87480256822374,329500
2022-01-24,41.68003463745117,43.82246710558859,40.78411042643322,43.74455871426013,110000
2022-01-25,40.8016357421875,43.744557136215946,40.248501786190765,41.387884106693164,23500
2022-01-26,42.089054107666016,43.880906578583776,41.144435118550405,43.83221196748842,90500
2022-01-27,44.56258010864258,48.32157470496138,42.60517813077993,46.02332907312646,151600
2022-01-28,45.52667236328125,46.35442855666307,42.99470918303864,43.38423997968097,43600
2022-01-31,46.743961334228516,46.743961334228516,44.79629627863566,44.79629627863566,71300
2022-02-01,48.477394104003906,48.69163850217418,45.81883108757046,46.25705657706547,298800
2022-02-02,51.62286376953125,54.758605886439774,48.496862058817385,48.72571331099725,23860900
2022-02-03,52.21690368652344,55.089710638818644,48.983779707462034,50.82432275227316,8425500
2022-02-04,48.82796859741211,52.908329788527375,48.80849149857872,51.22359603076808,6757800
2022-02-07,44.86445999145508,48.73057594787158,44.7962920181827,48.691621758894236,9432500
2022-02-08,44.309383392333984,46.31547988986994,43.01418424849424,43.94906636974857,7277500
2022-02-09,46.07202911376953,46.20836510549567,42.731782456970414,43.579015916180836,4393100
2022-02-10,45.81882858276367,47.230886765108295,44.19252972883802,44.3191253073114,2450000
2022-02-11,46.831607818603516,47.63015021821953,44.85472891649024,45.53640873454558,3456800
2022-02-14,46.85108184814453,47.71779217282172,45.760390495788215,46.92898651587476,2155000
2022-02-15,46.743961334228516,47.18218671471216,45.96489605496663,46.45181231886484,2359800
2022-02-16,45.96488952636719,47.20165710679016,45.721431428997526,46.471282814681175,5855300
2022-02-17,44.104881286621094,45.8480426089078,44.007495793409234,45.107927720004554,3142600
2022-02-18,44.221736907958984,44.69891650237495,43.62769844516876,43.968542074002,2018700
2022-02-22,42.400672912597656,44.48467411254442,42.351982024864405,44.221738860932916,2611100
2022-02-23,41.96244430541992,42.83889507754224,41.076256842441275,42.546742343583915,2791200
2022-02-24,43.30194854736328,43.56574696817447,41.25018802159431,42.15882578425334,2447900
2022-02-25,42.90137481689453,43.89794557763213,42.73528155364123,43.282415811014545,2040700
2022-02-28,44.923824310302734,45.549122710161505,41.48467938400704,42.30538446558979,5534900
2022-03-01,46.6922492980957,46.94627537496423,44.30829449375322,44.57209295458157,4212900
2022-03-02,48.32388687133789,49.14459194810582,46.242816345343,46.89742443914463,3517100
2022-03-03,48.38250732421875,49.173902659711636,46.45482829762293,48.67561546537723,2072200
2022-03-04,49.828514099121094,49.86759618114721,47.14168245652143,48.04054798068725,2544600
2022-03-07,50.46358108520508,51.37221892495401,48.724465836798124,49.887133463504924,2726900
2022-03-08,51.118194580078125,54.04928373594074,49.68195970104222,50.00438129718195,3873700
2022-03-09,50.150936126708984,52.4469544234044,49.42793251115109,51.235435959437055,3050600
2022-03-10,50.14115905761719,50.45380823322091,48.138249111695785,49.40838685346993,2692700
2022-03-11,48.187103271484375,50.649218499664094,47.18076389892574,50.23886409809793,3034100
2022-03-14,49.7796630859375,50.66875994823588,47.47387243811161,50.66875994823588,2916600
2022-03-15,50.111854553222656,50.40496271983032,48.75378385718483,50.16070529314517,2117400
2022-03-16,50.58082580566406,51.19635553334326,49.193441754220586,50.52220268448002,2989800
2022-03-17,49.81874084472656,51.499229218971784,49.740576687887554,50.6882965906638,2244600
2022-03-18,47.88422393798828,50.22909670788198,47.75721276053116,49.48655577609007,9663900
2022-03-21,48.08940124511719,48.29457658001874,47.48364017006632,47.786520707591755,2452000
2022-03-22,49.96529769897461,50.85439456687897,48.86125310682771,49.19344335016959,3841900
2022-03-23,49.81874084472656,50.58082273854623,49.53540136679335,49.53540136679335,2396200
2022-03-24,51.20612335205078,51.372220329151325,49.600862130730555,50.004377340486364,2335200
2022-03-25,52.56420135498047,52.583742397805565,50.83485819922431,51.04003728535138,2441200
2022-03-28,55.47574996948242,55.54414175622942,52.80845910513099,53.13088072300071,3127000
2022-03-29,55.03608703613281,56.07173617507341,53.375135732931405,55.69069517285393,2201300
2022-03-30,56.17920684814453,56.46254635109343,54.42055416179102,54.87975557901006,1934100
2022-03-31,54.957916259765625,57.72291188014051,54.49871114457647,56.99990831965581,3817600
2022-04-01,56.687259674072266,56.96082677826386,54.4205512268704,55.06539063465934,2156500
2022-04-04,57.038997650146484,57.35164687089299,56.20852012929202,57.01945660796574,1885100
2022-04-05,57.644744873046875,58.934423612718774,57.107379352695595,57.30278601293389,2143100
2022-04-06,58.2309684753418,58.69994600992671,57.029222394765156,57.54705066880653,2559400
2022-04-07,59.51088333129883,59.66720794591417,57.98671554349457,58.387297601388454,3925800
2022-04-08,62.5494384765625,63.40922938819662,59.50111056555455,59.81375977320011,4762100
2022-04-11,59.286163330078125,63.176697856760114,59.02236486010997,62.70576732829324,3487700
2022-04-12,60.448822021484375,61.75804187166936,59.48156477723359,59.598807288975934,2553000
2022-04-13,62.725303649902344,63.067270007627194,60.33158387069863,60.6149233777062,3405700
2022-04-14,61.11320114135742,63.23335732554678,60.752677723439575,62.647141052473756,1860100
2022-04-18,61.85575866699219,62.696001173586424,60.859187812671074,60.859187812671074,1216800
2022-04-19,65.17764282226562,65.35350844600502,61.435621443970724,62.16839363386088,2078800
2022-04-20,63.90751266479492,67.10239632448899,63.57043624456798,66.26215023336071,2182800
2022-04-21,61.23044967651367,64.77707226781109,60.72239751095591,63.506930672699085,2493700
2022-04-22,60.9959602355957,62.97542322453692,60.85917668342109,61.064352011683006,2030500
2022-04-25,60.839637756347656,61.39654436786849,58.0746420122421,60.927570575381075,2261600
2022-04-26,58.57292556762695,60.79078321831886,58.53384348892799,60.38042884612408,2136500
2022-04-27,58.709712982177734,59.7844441276677,58.35798170486905,58.631548819632506,1991600
2022-04-28,59.90168762207031,59.94076597447687,57.44934117732359,58.83672518224279,3354600
2022-04-29,57.84992599487305,60.439056116960785,57.79130659986901,60.08732483864687,2578400
2022-05-02,56.863128662109375,58.61201270043639,55.59299081144649,57.9378598294997,2488200
2022-05-03,58.328670501708984,59.06144273482826,57.10738344651019,57.10738344651019,2224200
2022-05-04,60.39020538330078,60.864061643599484,58.468385215233496,58.739022851877884,2628900
2022-05-05,58.77810287475586,60.56606890134406,57.81084189319511,59.81375563281287,1946800
2022-05-06,58.88557434082031,59.8235218607552,57.351638169550085,58.875801957676245,2861000
2022-05-09,56.296451568603516,59.178689995481804,55.27057110536144,59.178689995481804,2193700
2022-05-10,55.729774475097656,58.49476656284567,55.43178012114498,56.911979506836694,2156200
2022-05-11,56.05219650268555,57.67406576142557,55.23149135205369,55.79817040402289,1877000
2022-05-12,52.370487213134766,56.660417733369655,51.98850745659035,56.131524697676184,3785600
2022-05-13,53.4870491027832,54.75150248508451,52.52720139997319,53.40869235826554,2317500
2022-05-16,55.42633056640625,55.95522735328516,53.222597690665815,53.300950694506206,1631900
2022-05-17,58.100189208984375,58.256898943574335,54.8288702301961,55.68097917851306,2215100
2022-05-18,56.10213851928711,59.015965231218,55.759337134944595,58.19813266642107,4609100
2022-05-19,56.05316925048828,56.327410366885196,53.79066883144875,55.955227062133666,2181100
2022-05-20,55.485103607177734,57.72801133846261,54.34895691725101,56.327416228950945,2266200
2022-05-23,55.436126708984375,56.40577087805067,54.711345499686956,56.31762140813555,1581800
2022-05-24,55.61241912841797,56.18049425376693,53.937583132655696,55.38714911754832,1682300
2022-05-25,57.95327377319336,58.11977997236365,55.71036633646679,55.71036633646679,1974700
2022-05-26,61.185420989990234,61.74663639001283,57.95327640787778,57.96307286864457,3260100
2022-05-27,65.2304916381836,65.26967000823775,60.7250836970947,61.11685992512635,2793800
2022-05-31,60.803443908691406,65.02481451228341,60.108040877419405,64.19229465050336,7389300
2022-06-01,62.341163635253906,62.60560832500821,60.87200820381435,61.0972782549511,2008600
2022-06-02,62.43910598754883,62.80150035161972,60.705502125896814,62.38033842509681,1758500
2022-06-03,63.82990646362305,64.46654199782249,61.8220613933676,61.95918197334764,1793500
2022-06-06,65.02481079101562,65.56350403855026,64.0404794632587,64.22167288628853,2033200
2022-06-07,65.1815185546875,65.3284280888491,63.82108097178186,64.17269242755192,2721700
2022-06-08,63.43811798095703,65.10316501745136,61.83184596977673,65.07378310917665,1922200
2022-06-09,59.951332092285156,63.13450203533704,59.902360994258494,62.93861764323039,1811000
2022-06-10,58.56053161621094,59.80441689503115,57.992456435664856,58.61929543747076,1540800
2022-06-13,54.33915710449219,57.776982610826764,54.064915976467375,57.07178686875707,2113200
2022-06-14,53.32054138183594,55.31859347550357,52.22357314337837,54.87784614068643,2330400
2022-06-15,57.00321960449219,58.33035595256022,54.53503854582809,54.554627729181135,3891700
2022-06-16,57.061988830566406,57.150138295888674,54.926819950130955,55.171679160886704,4837000
2022-06-17,56.9052848815918,58.27649809599984,54.34405936849921,57.34603225309834,6478700
2022-06-21,59.138397216796875,59.686879453873914,56.905278689573876,56.905278689573876,4363600
2022-06-22,57.992454528808594,59.187368671870466,57.654551358909735,58.061014808860826,3233400
2022-06-23,57.44397735595703,59.970922688851104,56.60166099957388,58.64868432976478,2667600
2022-06-24,58.061012268066406,59.09921662039698,56.78774517620186,57.63006142141752,6473700
2022-06-27,58.19813537597656,58.63986160108348,57.21869853367803,57.90430507053801,1718900
2022-06-28,56.88569641113281,59.65750086924733,56.64083718843253,58.60950369499052,1401700
2022-06-29,56.131526947021484,56.9591485406145,55.1618828262598,56.7681586546888,1412200
2022-06-30,56.08255386352539,57.624188791283544,55.38715457841893,55.729959726696954,2424400
2022-07-01,56.415565490722656,56.895491228820156,55.455717750783016,55.55366368521892,1531900
2022-07-05,53.81025695800781,56.1902887035124,51.802412246189405,55.974815146119276,2696000
2022-07-06,55.592838287353516,56.04338211296116,53.43808003871029,53.99635878774581,1716600
2022-07-07,57.89451599121094,58.668272042045075,56.386182262402556,56.386182262402556,1872100
2022-07-08,58.42341232299805,58.580122076859816,56.23926475768277,57.728009287497166,2096000
2022-07-11,58.6094970703125,58.90332735708992,57.2089021758768,58.42340542714625,1774700
2022-07-12,58.01204299926758,59.85338528603222,57.70841623688062,58.1883419275884,1808400
2022-07-13,58.58991241455078,59.040452471513674,56.954254658781316,56.954254658781316,1577200
2022-07-14,56.72898483276367,57.75739659175198,55.91605412886718,57.091379184671425,2608600
2022-07-15,54.51545333862305,55.48117810446206,51.55755368915889,53.829846816279506,5186100
2022-07-18,53.68293762207031,55.50468711042222,53.4674603093195,55.17168215254223,2583100
2022-07-19,53.86903381347656,54.358752302689986,53.05609932797961,54.29998473893237,2326200
2022-07-20,52.958152770996094,54.20693631033115,52.2725461952093,54.02573913916624,2803600
2022-07-21,53.04629898071289,53.727007284018235,52.21377916316471,52.752468676652065,1816800
2022-07-22,52.889591217041016,54.45668872156239,52.32151603649254,53.66334724451008,1503100
2022-07-25,53.82984924316406,53.92779517148895,52.27254447722213,52.87000156311097,1847700
2022-07-26,54.35874938964844,55.50468879959521,53.761292267024416,54.26080719155662,1993500
2022-07-27,54.388126373291016,54.613396397493,53.06588813759304,53.89840795469843,1557200
2022-07-28,63.26182174682617,64.58406745544889,60.91117557859754,61.29315908367378,8460600
2022-07-29,64.74077606201172,65.23049450041198,62.3313622417837,62.53704308921057,3895200
2022-08-01,63.95723342895508,65.23049693276778,62.81128656125983,64.69181111394686,2735200
2022-08-02,64.48612213134766,65.41659167305941,63.65360225798175,63.957232779334916,1722900
2022-08-03,65.78878021240234,65.9944610816861,64.19230062366964,65.25988334602503,2286700
2022-08-04,66.07281494140625,66.9641061417999,64.16291590129244,64.16291590129244,2425900
2022-08-05,72.77216339111328,74.41761765334537,68.3157225847525,68.32551904588477,4216800
2022-08-08,74.32946014404297,76.03367812936317,73.42838005732287,75.42643207951308,3183600
2022-08-09,74.1629638671875,75.191368137051,73.47735354810125,74.19234577882494,2945700
2022-08-10,75.53417205810547,75.61252132647498,73.94748168158893,74.48617493449858,2134600
2022-08-11,77.2090072631836,78.41371038198825,75.10321657979374,75.53417117709492,2540200
2022-08-12,79.9671401977539,80.14375503995795,77.5534090115653,78.15193667204014,2170800
2022-08-15,79.67278289794922,80.8796522834639,78.74065354504717,78.74065354504717,1980100
2022-08-16,79.86902618408203,80.56567156989806,79.37843020934676,79.57466560488066,1878800
2022-08-17,78.20099639892578,79.91808233290634,77.61228271874114,78.9074558095076,2502200
2022-08-18,80.06525421142578,80.60000197805971,77.92625565899027,77.92625565899027,1939600
2022-08-19,79.3195571899414,79.75128406272552,78.34817921207798,78.79952663094281,1704000
2022-08-22,78.15193939208984,79.2312490271684,78.02437964911938,79.2312490271684,1724600
2022-08-23,78.25006866455078,79.36862704094622,78.10288835483527,78.76028525420949,1065800
2022-08-24,78.85839080810547,79.29502087709508,77.81832236818553,78.16174550061078,1430200
2022-08-25,81.18380737304688,81.27211852764611,78.26476326748843,78.50515795322593,1551700
2022-08-26,79.30973815917969,81.66460007044044,79.08406074236777,81.18381067938452,1641000
2022-08-29,79.47653198242188,80.44790972171087,77.66132873679327,78.15192461322798,1191200
2022-08-30,78.1911849975586,80.04563709184649,77.49453964605522,80.04563709184649,1802800
2022-08-31,80.05545043945312,80.84040702158336,78.0734459241304,78.7504707890702,3016500
2022-09-01,80.96794128417969,81.38004751542555,79.63352736866146,80.05543264182664,2421100
2022-09-02,79.54523468017578,82.11596040022137,79.4373029619284,81.02683668765287,2232200
2022-09-06,80.71285247802734,81.14457184869046,79.55504566934344,80.16337989170073,2013300
2022-09-07,81.34081268310547,82.87146970197252,80.1476799397709,81.04645210906163,1759100
2022-09-08,84.17645263671875,84.3334394455095,81.31137413171265,81.31137413171265,2184400
2022-09-09,85.86412048339844,86.1584736140288,83.8281424385066,84.87311439270292,1905300
2022-09-12,86.4724349975586,86.9924729659256,85.81503825503958,86.8943477922603,1733800
2022-09-13,84.75535583496094,86.37432400931523,84.15682816149723,85.26557982835638,1974200
2022-09-14,86.39395904541016,86.86492701576451,84.63762445793249,84.75536270757063,3600300
2022-09-15,85.16744995117188,86.59998905928039,84.68666058656822,86.22713138992252,3631800
2022-09-16,83.96058654785156,85.22632493631966,83.29631774709037,84.98102697311033,6245600
2022-09-19,87.67931365966797,88.0129153309911,83.64661412749388,83.79379441786018,4407400
2022-09-20,86.09959411621094,88.48389086809588,85.9131652491321,86.74718440023179,4626000
2022-09-21,85.63843536376953,88.39558244969574,85.58938025599657,87.12003735908716,2155100
2022-09-22,83.774169921875,86.34489564626773,83.03827592488976,86.34489564626773,1863300
2022-09-23,82.27293395996094,82.75371586359894,80.60981409720426,82.20916158102607,2678800
2022-09-26,81.36044311523438,83.35226178207118,80.1143325036034,82.09633715387268,1973300
2022-09-27,82.39069366455078,83.80851580901775,81.51743338101892,82.11596110153863,1777800
2022-09-28,83.4209213256836,83.92133122643936,81.61553205488507,82.52804070407538,1564300
2022-09-29,81.4781723022461,84.58854867699918,80.52641500790025,83.45037002115346,1823700
2022-09-30,81.62535858154297,82.86165501636634,80.67360121718667,81.71366226150165,3267800
2022-10-03,84.96141052246094,85.2753991446229,82.29257460719127,83.43075341892526,2026700
2022-10-04,87.65968322753906,87.78233221850164,85.52069201161608,86.63925021032273,1679100
2022-10-05,86.51168823242188,87.7872406998198,83.98021132777683,86.03090629632887,1766700
2022-10-06,84.65724182128906,88.2179853180626,84.33344667515644,86.57057065088131,1677300
2022-10-07,82.80278015136719,84.13720167476015,81.80196775177237,84.09795310220156,2017200
2022-10-10,83.12657928466797,84.01946002442554,82.35143678238605,83.35224923042972,982800
2022-10-11,81.32118225097656,83.71529289052827,80.99739461217008,82.822412151189,1534200
2022-10-12,80.61473083496094,82.01782807833698,80.14375542485486,81.54686015413108,1878400
2022-10-13,82.2435073852539,82.73410335092254,77.8085231494056,79.0448195930423,2746500
2022-10-14,79.73165130615234,83.16582275871636,79.19199279781813,82.62616425038213,1693300
2022-10-17,83.58775329589844,84.66706305579591,81.57630659516582,81.65480375593323,1678900
2022-10-18,84.8829116821289,85.75617185694328,82.92052792103593,84.87309766727145,1598900
2022-10-19,84.07833862304688,84.60818316195336,82.96958695452204,83.48961747810611,1325800
2022-10-20,82.9695816040039,85.0987736376456,82.59673139069929,84.74554396782024,2076500
2022-10-21,85.63843536376953,85.8150502207339,82.0865251644541,83.10695824258065,1749200
2022-10-24,85.93279266357422,86.06034492198076,83.96059475063939,85.92101734210738,1325000
2022-10-25,86.49207305908203,86.8943578713528,85.11840281332945,85.85429678577898,1647200
2022-10-26,87.11021423339844,87.99328842587049,85.68748899645458,87.99328842587049,1370100
2022-10-27,91.29008483886719,91.38820252047125,88.11592880633543,88.11592880633543,3345800
2022-10-28,91.98674011230469,93.46048925992102,90.09303945642337,91.1429144841358,1958000
2022-10-31,92.76187896728516,93.62532510566672,91.61878955670345,92.36940072769362,2276600
2022-11-01,93.72344207763672,94.42990140632112,92.23693702598818,93.44870955779272,1467400
2022-11-02,91.33916473388672,94.47898379892392,91.23124049495198,92.89926399276143,1966100
2022-11-03,92.63433074951172,93.65476373656776,90.42664897743641,90.42664897743641,1484400
2022-11-04,92.54602813720703,94.40048039822953,91.00065374832188,93.30154267521957,1974300
2022-11-07,91.74144744873047,93.27210449730669,91.21160289670782,93.27210449730669,2120300
2022-11-08,85.89354705810547,91.35388283695299,84.46100766176764,87.87555156923021,4345400
2022-11-09,85.70710754394531,88.22877032677253,84.70629513972237,85.36369188984429,2241500
2022-11-10,93.35059356689453,94.03742487898862,86.54111961884803,88.79786390584265,4885600
2022-11-11,90.57382202148438,94.06687028083181,89.8820874202911,93.4977771814117,3133200
2022-11-14,92.29451751708984,93.08067485433094,90.40774890453362,90.40774890453362,1997000
2022-11-15,91.88179016113281,93.11015633975758,91.0465026591384,92.87431213272023,2537200
2022-11-16,90.0932846069336,92.88412882050832,89.70020595080076,92.67776421294273,1384600
2022-11-17,88.49151611328125,89.87710947719188,87.33193796247184,88.86493678995254,1792500
2022-11-18,91.68524932861328,91.82282573296398,88.46791077825806,88.56028564899404,2515700
2022-11-21,91.77368927001953,92.58932617584013,91.15459544247899,92.44192074146804,1744800
2022-11-22,94.60384368896484,94.69228994999466,92.46157283299512,92.92343970291802,1567600
2022-11-23,94.94778442382812,96.19580102553661,92.7809449231272,94.36799175251218,1135900
2022-11-25,95.47845458984375,95.7634289595204,94.338527121727,94.92814141676729,631700
2022-11-28,93.16912078857422,94.91831312632671,92.74656249932538,94.40731606594217,1590100
2022-11-29,92.79570007324219,93.46393161157616,91.70491024600067,93.0512023519044,1436200
2022-11-30,94.4564437866211,95.26225166079914,92.13728795413762,92.51070855527072,3361800
2022-12-01,92.83500671386719,96.08771806778208,92.25521395895694,95.32121874548754,1748600
2022-12-02,90.44706726074219,91.87196915340837,89.46437423204749,91.38062263906102,1848700
2022-12-05,88.50132751464844,90.0245046349129,88.24583273755246,89.43489034548398,2397000
2022-12-06,89.20885467529297,89.30712245966811,88.24581989212466,88.30477906327947,1237500
2022-12-07,90.3782730102539,91.58698115627432,89.02215192295489,89.30713378191841,1237200
2022-12-08,89.82795715332031,91.3756953954746,89.35626128577104,90.73203277732566,1002400
2022-12-09,88.1672134399414,90.27017577143255,88.13773385076152,89.77882929216167,1384600
2022-12-12,89.30712890625,89.3464375223078,87.52845713940803,88.42271128568119,1554100
2022-12-13,89.26781463623047,91.10545295944446,88.82560585395427,90.38809137954294,1629900
2022-12-14,89.27765655517578,90.69273685855192,88.3244431562267,89.95571711676894,2561600
2022-12-15,88.14755249023438,89.27765085495062,87.88222869896808,89.23834223821635,2245100
2022-12-16,86.67351531982422,87.06659399987863,84.44280561884517,86.62438517066256,3911700
2022-12-19,86.21165466308594,87.1353809256798,85.49428552023068,86.85039907426344,1238100
2022-12-20,86.04458618164062,86.5948992926909,85.61711717795346,86.47697344803333,1306600
2022-12-21,88.09843444824219,88.60943154130155,85.20931444876139,86.46716036769497,1409500
2022-12-22,85.81857299804688,87.82817818484189,85.03241567689216,87.58741572461719,1548300
2022-12-23,86.51628112792969,86.70299517228173,85.62202701798209,86.00527663728775,600700
2022-12-27,86.12320709228516,87.37123130185812,85.75960801206469,86.90936442889893,634400
2022-12-28,85.11103057861328,86.81108505534596,84.92431653304607,86.42783543354602,752000
2022-12-29,85.26825714111328,86.17234028066731,84.78673973345028,85.6515142584714,870800
2022-12-30,84.71796417236328,85.10121384955103,83.64683238159567,85.10121384955103,1343300
2023-01-03,80.49237823486328,84.62951440291549,79.39175949879467,84.51158855704507,4030600
2023-01-04,81.96642303466797,82.29070601206521,79.88311126951169,80.53168472165844,2612200
2023-01-05,80.98373413085938,82.46759517013372,80.46781880382704,81.48490216525408,1906300
2023-01-06,82.05486297607422,83.6861369046271,81.64213372813398,82.17278883149388,1914100
2023-01-09,82.54621887207031,83.73527660137846,82.13348957707474,82.39881341032812,1301500
2023-01-10,81.64213562011719,82.04503584843788,80.16809613129763,81.95659707783793,1376700
2023-01-11,82.65430450439453,82.91471753597861,81.01320907963954,81.5635147316886,1696200
2023-01-12,82.88031005859375,83.33235536010889,81.33748260840486,82.42827225442996,1496700
2023-01-13,83.68614196777344,84.22170786933793,82.00573029012332,82.35950038043357,1366200
2023-01-17,81.92711639404297,83.54855381221887,81.56351729260736,82.47742206337044,2763600
2023-01-18,80.43341064453125,83.04737730133023,80.35479341484894,81.87797037619893,2084900
2023-01-19,79.44090270996094,80.37446560759659,79.35737470023906,80.18775152859885,1635500
2023-01-20,81.56351470947266,81.6617825048329,79.05764469234919,79.71605466570247,1795100
2023-01-23,82.68376922607422,82.83117464132617,81.12914854121665,81.49471187178327,1596200
2023-01-24,82.457763671875,82.77222509553482,81.54385898790244,82.5462024328957,1176000
2023-01-25,81.95658874511719,82.11381570931565,81.0623346140917,81.97623930413508,1535200
2023-01-26,84.39366149902344,84.58037554463188,81.8386615206761,82.18260252783507,2161100
2023-01-27,85.08155059814453,85.16016782721442,83.37165960395669,84.39366108981042,1455100
2023-01-30,80.97389221191406,85.34687238858483,80.82648678517597,84.43296773963043,3045800
2023-01-31,83.88267517089844,84.02025159125967,80.95424672888255,81.44559322941623,2509000
2023-02-01,83.93180847167969,84.38384632906987,81.44067824430141,83.97602785507225,2623400
2023-02-02,83.85319519042969,85.17982923622975,82.30544922253581,84.00060063937471,2389600
2023-02-03,81.76005554199219,83.68614044182877,81.61265758817794,82.91963359523126,1807200
2023-02-06,81.81903076171875,82.39881610018404,81.08201092630145,81.57335748324631,1502000
2023-02-07,84.44280242919922,84.77691442134616,80.90510943704273,81.88780235138353,2032900
2023-02-08,82.88031005859375,83.5288909280579,82.68377449064474,83.28321771944597,2005900
2023-02-09,82.95892333984375,83.98092473875326,82.47740597311989,83.46009876083853,1975000
2023-02-10,85.30756378173828,85.49427782211144,82.71325526140716,82.75256387503052,1350300
2023-02-13,84.89484405517578,85.78909824582543,84.45263522294718,85.38619053425302,1173500
2023-02-14,84.57054901123047,86.08586129091302,83.67630236623913,84.43297260430873,2383100
2023-02-15,84.52142333984375,84.98820099499808,82.89997846115035,83.03755487535685,2030600
2023-02-16,84.14800262451172,86.3983705940405,83.4552097267612,83.5289087060901,3037600
2023-02-17,83.0866928100586,84.5509032219598,80.48255496523672,83.72543723650823,3570700
2023-02-21,78.97903442382812,81.57334319013952,78.51716754165072,80.19757157228295,5056000
2023-02-22,76.45352172851562,77.93738282504437,75.07774996912983,77.93738282504437,3341000
2023-02-23,77.84893035888672,78.07003475516046,76.65004385794263,76.65004385794263,1584900
2023-02-24,78.17635345458984,78.31442887619116,76.41105569069369,76.65760658247244,1529100
2023-02-27,77.28878021240234,78.99490825716617,76.91895385583871,78.32428949629865,1326200
2023-02-28,73.8567886352539,76.91401835803073,73.37355096732631,76.73650140513986,3584800
2023-03-01,73.32424926757812,74.3499020978896,71.8252228381307,73.10728323291677,2594400
2023-03-02,75.12898254394531,75.67139747580535,72.97905862405503,73.10726236970578,1949900
2023-03-03,77.89036560058594,78.10732407777633,74.9514754879388,75.17830563227237,2304600
2023-03-06,77.71284484863281,77.79173541642027,76.28284514802777,77.27891286718905,2295000
2023-03-07,76.82525634765625,77.97911266979831,76.25325649553707,77.97911266979831,2203900
2023-03-08,76.99291229248047,77.36766693982463,76.0362936271656,76.67732745152324,1261600
2023-03-09,77.5550537109375,79.0836723638392,76.33216330309814,76.96333303128212,3110500
2023-03-10,76.4800796508789,78.67930910480271,76.17435146858979,78.0974526877825,2895700
2023-03-13,76.03629302978516,77.52053420417636,75.43470825579054,75.86864023024857,2242400
2023-03-14,76.85484313964844,78.00869949016607,76.10532633306488,76.43077531115016,2142800
2023-03-15,76.26311492919922,76.80552231460005,75.29663223333544,76.22366588812976,1957000
2023-03-16,77.34793853759766,77.94952325688594,74.98104870218386,75.56291266267014,1962900
2023-03-17,75.71085357666016,77.37754021181013,74.93668759659039,76.64775159176651,3896500
2023-03-20,75.93766784667969,77.34793912194058,75.84891314519714,75.99683764766804,1629500
2023-03-21,75.46428680419922,77.03235424631788,74.92187940593675,76.50966760699013,2045700
2023-03-22,73.39326477050781,75.2769171211515,73.37354401056152,75.21773979304098,1863400
2023-03-23,72.38734436035156,74.09347234220391,71.76603128878749,73.6398195977768,1655400
2023-03-24,72.42679595947266,72.505686530401,70.17825291908085,71.55893196203267,2777200
2023-03-27,74.2315444946289,74.38441237873806,72.42679755608945,72.42679755608945,3225500
2023-03-28,74.46823120117188,75.75029128505795,73.82127590222849,74.03429923707782,1752200
2023-03-29,74.83312225341797,75.50374096469223,74.38440535898111,75.23746931827765,2299500
2023-03-30,75.76016235351562,76.37161131117352,74.95147568003857,75.63195859064683,1737800
2023-03-31,77.41698455810547,77.51560341577256,75.67140745257463,75.76016216723406,2984400
2023-04-03,75.56291961669922,77.46629279201157,75.42485171997282,76.92387782334636,1894900
2023-04-04,74.97119140625,75.90808930380223,74.0836142205446,75.61222522580972,1316200
2023-04-05,75.444580078125,76.05602905672848,74.63589337694586,74.83313109952152,1204800
2023-04-06,75.89822387695312,75.91795216135799,75.10926555588532,75.55305414122746,1223000
2023-04-10,76.26311492919922,76.30256397026868,74.81339464747118,75.47414915608041,1485500
2023-04-11,76.35187530517578,76.73649407902995,76.11026025634747,76.68718841712874,1371500
2023-04-12,75.75029754638672,76.87456906979997,75.60237302288748,76.85484830804558,1171100
2023-04-13,76.07575225830078,76.5195409103922,75.11913347245253,75.63196360620938,1324700
2023-04-14,75.37553405761719,75.57770758158472,74.45836449858966,75.26705107032416,1328400
2023-04-17,74.00470733642578,75.76507657131486,73.62995273641586,75.52346154299518,1093300
2023-04-18,73.45243835449219,74.90215114692644,73.14671015988998,74.3005664233957,1235200
2023-04-19,73.71871185302734,74.35974563483731,73.47511796256057,73.93567782756016,1039300
2023-04-20,75.41498565673828,75.51360450558298,73.6595445652408,73.7088502275952,1926900
2023-04-21,75.49388122558594,75.90314905842382,74.9120172457931,75.76015286099242,1178900
2023-04-24,76.22367095947266,76.26804831207762,74.55698460304157,75.3755353303888,1094300
2023-04-25,75.86864471435547,76.07574657145925,74.79367885704178,75.58264476193506,1722400
2023-04-26,74.81340026855469,75.90808678704174,74.41891735235593,75.4544340668607,3100600
2023-04-27,75.69113159179688,76.17436928282332,74.93175807732676,75.21775052008138,1865700
2023-04-28,76.3321533203125,76.40118726517503,75.24733096212886,75.83905156439852,2233400
2023-05-01,75.98699188232422,76.57871254912057,75.70099192980975,76.45050126315475,1788300
2023-05-02,75.73058319091797,76.33216805115983,74.9021681685615,75.67141337651292,2554000
2023-05-03,75.45442962646484,76.52938779760737,75.09939577519283,76.13490490462341,1607000
2023-05-04,77.5057373046875,79.26118603278702,73.87651528022022,75.91795643105124,3830400
2023-05-05,78.39332580566406,79.34008040403732,77.20002029550183,78.02843527166388,2359300
2023-05-08,77.62408447265625,78.74835597500854,77.00277891318883,78.6398729770503,2360100
2023-05-09,77.86077117919922,78.00870322396732,76.73649967757986,76.90416000785642,3158300
2023-05-10,78.35880279541016,79.0146290416844,77.65859919635403,78.74834987672168,1629400
2023-05-11,78.30635070800781,78.73192898824998,77.43539559443191,77.77190303856867,2497400
2023-05-12,79.02883911132812,79.56328677931413,78.04902216215488,78.63295111086417,1991000
2023-05-15,79.44451904296875,80.25608605548983,78.36573196879739,79.80081749245953,2048300
2023-05-16,78.18758392333984,79.36534867975035,77.52447584659433,79.36534867975035,3709100
2023-05-17,79.56329345703125,79.80082325687118,77.90056975627931,78.27665923527056,2329500
2023-05-18,80.56290435791016,80.63218419345677,78.74380087438225,79.44452016145468,2849300
2023-05-19,81.45365142822266,82.37903371740724,80.69156567753524,80.88951346060671,2407100
2023-05-22,82.6709976196289,83.09657591156153,81.46354257968353,81.87922914573423,1908300
2023-05-23,83.17575073242188,83.6903998363511,82.30974905348302,82.50274341132341,2232200
2023-05-24,82.45325469970703,83.50235901262863,81.70107581987392,83.17575085244732,2430300
2023-05-25,81.89901733398438,82.34438661331158,81.05776005584656,82.34438661331158,1863100
2023-05-26,82.98770904541016,83.08667916379254,81.46354505932622,82.09696287809669,2267100
2023-05-30,82.83924102783203,84.17041049458186,82.28005652223813,82.99759924066458,2198200
2023-05-31,83.15596008300781,83.68051606403353,81.60210579629842,82.67100121097315,5214700
2023-06-01,87.96597290039062,88.2450781234888,83.91803727775819,84.00216224841904,3646900
2023-06-02,86.63975524902344,88.13422879414885,86.37252765206716,87.74824008826553,3225600
2023-06-05,86.61006164550781,87.89668809872722,86.28345350663149,86.91687123303319,1819000
2023-06-06,88.62908935546875,88.96558924139308,86.243869672197,86.243869672197,2311500
2023-06-07,89.87613677978516,89.94541662028405,88.21341305687531,88.62909965080499,2452100
2023-06-08,91.3508071899414,91.51707878466686,90.12355367991736,90.54913194287477,3075700
2023-06-09,92.33061981201172,92.80567933174447,91.14295591080997,91.35080294549485,2530100
2023-06-12,92.785888671875,93.05310870883862,91.92483290666341,92.0436015625,1720700
2023-06-13,93.28075408935547,94.3496494232405,92.62753775722497,92.99373547835287,2429900
2023-06-14,92.24154663085938,94.02303880758781,91.81596836369287,93.55787098639009,2573200
2023-06-15,92.49887084960938,92.78588944039052,92.00401277259397,92.7561991639192,3712300
2023-06-16,91.93473815917969,93.54797286342992,91.78627921746619,92.62753648592876,4963400
2023-06-20,91.04399108886719,92.39990500068458,90.94502097909216,92.17226695236022,1846900
2023-06-21,89.5693130493164,90.09881482273083,88.26783387434479,89.94540247417027,2684900
2023-06-22,88.33216857910156,89.75240887328982,86.96140956307998,89.56931379729626,3205600
2023-06-23,89.43075561523438,89.76725549569683,88.20350965276056,88.71815874962529,2875900
2023-06-26,89.6979751586914,90.26211308229568,88.76764707911126,89.3218857266003,1890400
2023-06-27,89.91571807861328,90.079022162845,89.0546697902186,90.03448674467333,1472800
2023-06-28,89.61880493164062,89.96520409145845,88.78743939714249,89.96520409145845,1605400
2023-06-29,89.93551635742188,90.40563005553855,89.2130201885644,89.57921791126417,1738700
2023-06-30,90.6085205078125,91.34090837651844,90.10376313501874,91.10337860441238,2666400
2023-07-03,90.65800476074219,90.79656442826047,89.40106847655908,90.0740758120488,1089100
2023-07-05,91.19245147705078,92.25144752542366,90.41057476082251,90.47985459385866,2087300
2023-07-06,90.06417846679688,90.5293463109839,88.92600327268867,90.5293463109839,2263300
2023-07-07,90.39078521728516,90.76687466684413,89.72767715453554,90.06417704873006,1334000
2023-07-10,92.63743591308594,92.66712619128988,90.44026471476889,90.44026471476889,1539300
2023-07-11,93.38961791992188,93.45889774942442,91.90504367263732,92.87496128567291,1260900
2023-07-12,95.07213592529297,95.17111358621781,93.11250207432113,93.96365861191427,1532600
2023-07-13,94.2902603149414,95.0820363059242,93.90427159584455,94.86429753085717,1462400
2023-07-14,94.02304077148438,94.55254257290967,93.72513371296472,93.91417138335834,1259900
2023-07-17,95.19090270996094,95.9232905705573,93.49848894444135,93.49848894444135,1951400
2023-07-18,94.38924407958984,95.65607970631902,92.92446066684926,95.01276261591987,1925300
2023-07-19,93.75582122802734,94.5574889532201,92.96404522840164,93.85479134024668,1785300
2023-07-20,95.89360046386719,96.3191787250254,94.26056725007703,94.51789557217938,1600300
2023-07-21,95.60658264160156,97.14064575964932,95.31956403979555,96.57650783221965,5081100
2023-07-24,95.5571060180664,95.81442680386192,94.77522928214391,95.60658729951831,1077800
2023-07-25,96.51712036132812,97.15054567526816,94.91378495225675,94.96326623162362,854800
2023-07-26,96.33897399902344,97.22972011431766,95.67586593855714,95.67586593855714,1243000
2023-07-27,94.43872833251953,96.74476914324825,94.22098953652817,96.72497813949275,897900
2023-07-28,94.75542449951172,95.66596911940765,94.28036496393878,95.27008113914009,1135900
2023-07-31,95.65607452392578,95.6956640789832,94.41892924438957,94.85439924815014,1170200
2023-08-01,95.3096694946289,96.09153861839026,95.08203145478156,95.25028139022716,1469600
2023-08-02,94.5673828125,95.03749648181335,93.45889798670987,95.00285279150657,2040300
2023-08-03,100.09989929199219,102.50886673265882,94.77522867197781,94.98306817498333,3511000
2023-08-04,102.87110900878906,103.62824133278092,100.7432175700484,100.87187796367058,2723600
2023-08-07,102.68305206298828,103.57379812119159,101.71808031282433,103.50451829171661,1759800
2023-08-08,103.7321548461914,103.8509235112079,101.90118134506655,101.90118134506655,1207300
2023-08-09,104.0290756225586,104.81095236602796,103.23532125716414,103.54411677440925,1646700
2023-08-10,104.63280487060547,105.75118153307233,104.0290773441498,104.88023393715498,1563700
2023-08-11,105.74622344970703,105.90202974644721,104.18821348021952,104.63478147675121,1414100
2023-08-14,106.182861328125,106.77827772788842,104.90568735871777,105.64698429699882,2404000
2023-08-15,105.42866516113281,105.77103167947868,104.81340481732788,105.57752115664803,1709600
2023-08-16,104.29737854003906,105.63706744515882,104.1981437269063,105.5874538241579,1835200
2023-08-17,104.01951599121094,105.3343942744322,103.77142517768762,104.67447937305526,1800600
2023-08-18,103.96989440917969,104.73401835179203,103.71188541529959,103.73172934900931,1660800
2023-08-21,105.29966735839844,105.64302571664209,103.48364075424327,103.80119669831979,1377000
2023-08-22,105.44852447509766,105.73134407350598,104.70425201352805,104.85310802006818,1276900
2023-08-23,107.61186981201172,108.42560734814828,106.13324316557474,106.13324316557474,1393500
2023-08-24,106.10348510742188,109.40805680345488,106.02409422418911,108.06836782621028,1498700
2023-08-25,105.0615005493164,106.6195105570712,104.76378854431631,106.00424261326538,1383800
2023-08-28,104.56531524658203,106.53019018290468,104.42638500143318,105.4931724347827,1088000
2023-08-29,104.73401641845703,105.35920252903772,103.99966974666106,104.4263862392852,1131500
2023-08-30,104.9324951171875,105.45646282791238,104.28745744631175,104.53554827579232,1167400
2023-08-31,103.36455535888672,105.27980908166099,102.97752674240361,105.14087883825903,2035500
2023-09-01,106.47065734863281,106.58974366798414,104.3966141539338,104.82333066769563,1338800
2023-09-05,105.24012756347656,105.91493488832855,104.34799092650532,105.73630919730506,1433200
2023-09-06,105.82561492919922,106.96683416534135,105.18057731128143,105.51798474866193,1337800
2023-09-07,107.71110534667969,110.10766344351568,106.3614907550313,107.03629805085549,1951100
2023-09-08,107.81034088134766,108.82255561746926,107.40347589335688,107.40347589335688,1428100
2023-09-11,109.1401138305664,109.55392912511127,107.82026888779919,107.96912488988578,1820700
2023-09-12,107.67141723632812,109.25423789924776,107.3240915981791,108.70347596906461,1557100
2023-09-13,108.43553161621094,109.24926919802715,107.68134097920239,107.94927573187867,1894600
2023-09-14,111.60118103027344,111.75996279984435,108.68859703128196,108.92180302338205,2308300
2023-09-15,109.09049224853516,111.81949118286289,108.96148775179219,111.60117005673575,4287700
2023-09-18,109.89430236816406,111.39277297080595,109.56682825513768,109.58667218851205,1358500
2023-09-19,109.69583892822266,110.52942045724727,109.45767385866291,110.24163419476085,1972100
2023-09-20,109.2889633178711,110.33094777141788,109.07064975998216,110.08285695591921,924500
2023-09-21,109.10041809082031,109.7950693371328,108.67370159061957,108.79278033505557,1443800
2023-09-22,109.5172119140625,109.89430723391732,107.78553526916296,108.624083450058,1210500
2023-09-25,111.35308074951172,112.05765775717968,108.65881812662218,108.88209834640422,2115200
2023-09-26,107.66149139404297,110.86186149547275,107.10577037346619,110.80728878271638,2309700
2023-09-27,109.90423583984375,110.44011293215841,108.14775612431055,108.14775612431055,2819500
2023-09-28,108.48514556884766,110.1324721278623,108.00384880739642,109.92406919163912,1550700
2023-09-29,108.24697875976562,109.86452803651103,107.81033653268796,109.19964651519209,2867500
2023-10-02,103.9301986694336,107.4729349020333,101.97524200291929,107.4729349020333,2892500
2023-10-03,104.08898162841797,104.11875131480635,101.6229583241694,102.4218110504912,2557000
2023-10-04,105.34928131103516,105.78591597217886,103.42905336401552,103.8408850019776,1973900
2023-10-05,107.05614471435547,107.67141265513474,105.79584671780027,106.1630238460101,1589200
2023-10-06,109.32865142822266,109.73552397250927,104.32714001450157,105.7363015061327,2095800
2023-10-09,110.52941131591797,110.63559642016563,109.13018313045517,109.32865274348535,1258400
2023-10-10,112.13705444335938,112.62331034713507,110.11263237496121,110.11263237496121,1464400
2023-10-11,114.19123840332031,114.29841532981122,112.44467697061279,113.04010097505973,1353300
2023-10-12,114.8362808227539,115.27292309194691,113.58590096078458,114.03246898276772,1299700
2023-10-13,112.82178497314453,116.49352612128122,112.12712612678688,115.87825815527262,1699400
2023-10-16,115.93780517578125,116.22559143888365,113.73475745702771,113.89353164669704,1701700
2023-10-17,116.25536346435547,117.08894501192916,114.82635787293631,115.16376533585749,1214600
2023-10-18,115.18360137939453,117.73893370315874,114.92558481614734,116.43398118622093,1050700
2023-10-19,113.41719818115234,115.71948064733739,113.23857249105477,115.11413845151397,981000
2023-10-20,111.2439193725586,113.91337895130127,111.06529368381129,113.23857163504825,1654400
2023-10-23,111.25383758544922,112.16680990111703,109.5559056248491,110.9759771042573,950800
2023-10-24,113.39734649658203,114.41948701510253,112.39506505424448,112.39506505424448,1930900
2023-10-25,111.1744613647461,113.39735307836075,110.81720996438091,113.35766520821464,1575000
2023-10-26,111.85919189453125,112.16682209341387,110.29125607036808,111.14468911029836,1652700
2023-10-27,109.93400573730469,112.49430488176024,109.05377845592942,112.1370534862022,1128700
2023-10-30,112.16681671142578,112.36529390370664,110.6534612439812,111.00575352832301,1271600
2023-10-31,112.05765533447266,112.64315358353474,110.32101966306634,112.25613252531178,1942000
2023-11-01,113.97291564941406,114.49886695084751,111.9683452526266,112.72253585752372,2751300
2023-11-02,116.2950668334961,116.99964392420614,113.5065205895197,114.0324795402567,1894600
2023-11-03,116.17597198486328,117.763751760979,115.95765084606028,117.74390782614745,1853200
2023-11-06,123.77747344970703,124.66464342297813,117.15840471408907,118.08130285394321,2530800
2023-11-07,118.95458984375,124.01960836186029,117.7538311759701,123.4896897588902,2271500
2023-11-08,120.25457763671875,120.55228963694987,118.05648912476356,119.50037945496238,1730200
2023-11-09,119.70877838134766,123.40533761427331,119.59961781609682,120.66144621079317,1603200
2023-11-10,120.84007263183594,121.78778137626873,120.4490842877709,120.52251668676952,1219700
2023-11-13,120.79045104980469,121.30250931500196,119.98663927301727,120.45304362164808,891600
2023-11-14,125.55379486083984,125.74234630080454,122.4377748664409,123.10266399695246,1433300
2023-11-15,121.05838775634766,126.2682946901159,120.7606833313821,125.61333889828721,1982200
2023-11-16,121.02059173583984,123.16906650590668,120.86144967250512,122.34349476063063,1474500
2023-11-17,121.04048919677734,122.86071591180979,120.95096562038418,121.54776163787055,1487900
2023-11-20,121.62733459472656,122.19429194092679,120.8316091131975,121.79642540582577,1041600
2023-11-21,121.85610961914062,122.52253169812188,121.19962870169194,122.24402740175198,984700
2023-11-22,122.59215545654297,123.17900270014118,121.32395922718901,122.24402509265651,1376700
2023-11-24,123.19890594482422,123.63655990193047,122.39323169530877,122.41312160759854,532500
2023-11-27,124.43228912353516,124.71079343596257,122.71152708374862,123.26853570860345,1073200
2023-11-28,123.78575134277344,125.82481260624905,123.09943934340065,124.3129288688897,2003000
2023-11-29,119.93641662597656,123.27848352718036,119.12079360774668,122.89056572513647,2078800
2023-11-30,120.39395904541016,121.20958205374781,119.87175967555427,119.94635633324516,2650000
2023-12-01,119.24015808105469,120.29450567096387,119.0113899167399,119.97621392028866,1454900
2023-12-04,118.2852783203125,118.91192063492778,117.4199266876322,118.36485315211661,1946900
2023-12-05,117.67853546142578,118.30517778644321,115.26648309312917,118.07143145705953,1805900
2023-12-06,112.02883911132812,119.03126430125933,111.62103141617256,118.70302384188608,2629800
2023-12-07,109.94005584716797,112.83452765266023,108.8658184190261,112.65548808130325,3497000
2023-12-08,110.61642456054688,111.01429111009948,109.06475336483227,109.40293499931438,2627300
2023-12-11,115.53005981445312,115.67926071870957,110.07930555450693,110.95461347885238,2582900
2023-12-12,113.87891387939453,115.77872300338014,113.24233045082848,115.54000611483613,1846200
2023-12-13,115.80856323242188,116.12685495101049,112.92404026408398,113.97838015903253,1731100
2023-12-14,114.98299407958984,117.18119749654495,114.75422593316227,116.01744408556989,2456400
2023-12-15,118.1161880493164,120.22487556999303,114.99294797872732,115.05262530852403,5714900
2023-12-18,118.72293090820312,120.8912957229466,118.27533576475582,118.93180914772343,2019800
2023-12-19,120.1651840209961,120.40390850435784,118.61848340349525,119.13073402578162,1012700
2023-12-20,116.38546752929688,119.48383925913828,116.37551877893176,119.19041562708831,1324300
2023-12-21,117.67853546142578,117.79789771111334,116.18654148936339,116.86291239357863,904600
2023-12-22,114.71443176269531,117.35028899312171,113.41141868404821,114.38619130549371,1188400
2023-12-26,116.94247436523438,117.21102991165309,114.97303919969632,114.97303919969632,740700
2023-12-27,116.79328155517578,117.131470787847,116.25616283646745,116.65402939721511,541300
2023-12-28,116.48493957519531,118.14602432275261,116.32578991406062,118.07639824317457,559700
2023-12-29,116.26611328125,116.6440823456965,115.31123807474813,116.10697120783648,849900
2024-01-02,114.6348648071289,116.6043000968447,114.35636049293491,115.77872831643147,1362800
2024-01-03,115.23165893554688,116.54063677918238,114.88352854858884,114.88352854858884,1372400
2024-01-04,114.74427795410156,116.48394338502068,114.38619881159747,115.58973964497434,1348900
2024-01-05,115.61957550048828,117.03399035562715,114.49560952356163,114.49560952356163,1729900
2024-01-08,116.40536499023438,116.53467598734753,114.41603975389461,115.56985203353497,1351700
2024-01-09,115.86824798583984,116.30590197270708,114.5552936139118,115.81851940739726,1514000
2024-01-10,115.23165893554688,115.8085650560335,114.35138042313827,115.40074975368745,1090500
2024-01-11,112.30735778808594,114.67465204373188,110.88498996679834,114.38619897914367,1609300
2024-01-12,112.30735778808594,113.80929284996724,112.13825937872498,113.33185905171139,1556900
2024-01-16,111.21321868896484,112.2327493333006,110.70594624591526,111.77023488428367,1417000
2024-01-17,111.32263946533203,111.40221429682572,108.85588039841669,110.63632741255142,1484500
2024-01-18,110.81536102294922,111.3027435594293,109.66154879443107,110.77557360934448,1614900
2024-01-19,113.83912658691406,113.99827623856042,110.85513891660257,110.85513891660257,1684200
2024-01-22,116.58440399169922,116.74852423353094,113.71977839738041,113.84908180518411,1876700
2024-01-23,118.05651092529297,119.91652520148675,116.53467830343489,117.10163570351287,1929400
2024-01-24,115.05261993408203,118.88206938685096,114.72437945818584,118.5041003346717,1514600
2024-01-25,119.90657806396484,119.9463578894673,116.4153102539433,117.27072068703887,1425800
2024-01-26,120.62272644042969,121.75664875101509,119.42913439273465,119.42913439273465,1558800
2024-01-29,120.3641128540039,121.0922004712821,119.36447217143052,120.44368008767316,1801500
2024-01-30,121.2294692993164,121.65717450090594,120.0557671825363,120.68240944804714,1285500
2024-01-31,121.34883117675781,123.51719584067631,120.71721833227986,122.12466675206088,1666100
2024-02-01,126.94878387451172,127.01840995239901,121.34883621393844,121.34883621393844,1937400
2024-02-02,129.0177001953125,132.35976733712278,125.75520029884144,126.33210646242539,3781700
2024-02-05,126.35198211669922,127.73456244977646,125.17828000782721,127.21734126441204,1878000
2024-02-06,130.3107452392578,130.79315722022397,126.51114189809273,127.07809929167401,2656900
2024-02-07,131.7928009033203,133.08586538161484,130.11181859927217,131.25568975125668,2087600
2024-02-08,130.0222930908203,133.25494646137614,129.47522563879542,131.8425274253687,1228700
2024-02-09,131.4645538330078,131.80273547396172,129.3061378153713,129.326035317,1245300
2024-02-12,127.82408905029297,131.4844554189903,127.27702915728459,131.1164351028348,1206900
2024-02-13,127.227294921875,128.12248517766125,126.0535927677332,127.227294921875,1503700
2024-02-14,127.98323059082031,128.7441468469833,127.00846552545543,127.61521029802206,1372300
2024-02-15,130.79812622070312,130.91748087076974,128.14237901529813,129.2265575596595,1348900
2024-02-16,130.4599609375,131.95195495962875,129.79353876223095,130.55941809923308,1295700
2024-02-20,131.09652709960938,131.35513389871377,128.6993867120192,130.30079402429712,2121200
2024-02-21,130.69866943359375,131.87336581001685,129.44539992684759,131.5839186073144,983400
2024-02-22,132.67803955078125,133.34446165112632,130.94732121584653,131.6933181430405,1529900
2024-02-23,133.27484130859375,133.43397578273044,130.6489327685114,132.77751003071947,2052200
2024-02-26,132.5089569091797,134.47838466880097,132.2204962468901,133.9611558510504,1494700
2024-02-27,154.9286346435547,155.8337812143261,134.27944539354715,134.27944539354715,4888300
2024-02-28,169.918212890625,170.067406208906,155.66469608588795,157.63412377393092,8227500
2024-02-29,167.55091857910156,170.39167786998945,162.49803054943746,170.26634333513013,4536900
2024-03-01,169.08270263671875,169.40098677988465,164.16906691206702,166.1484357936236,4554500
2024-03-04,175.0506591796875,176.09007967292993,168.7146487217558,172.03683301300688,3818200
2024-03-05,175.82650756835938,184.5894824225419,174.48370702165994,176.4431935078839,4323800
2024-03-06,179.0193634033203,179.8449351498823,174.07588926305584,175.82650508317616,2073600
2024-03-07,178.9725341796875,181.43418009453742,175.61393878963042,181.13519186707742,1967800
2024-03-08,169.99302673339844,179.22169781365216,167.89016354080215,178.97254347901836,3196900
2024-03-11,167.34201049804688,170.3816962319202,165.83710867838005,169.7338858780804,2601700
2024-03-12,167.80044555664062,168.48811390884646,163.64455334893236,166.0065466291836,2617000
2024-03-13,167.2921905517578,170.73051740014174,165.8769957263165,170.6607620927165,1639000
2024-03-14,164.08306884765625,167.820383658515,162.7177080363845,167.28221701690742,3012300
2024-03-15,164.96009826660156,167.8203850255156,162.1197329043432,163.62461953919166,4530900
2024-03-18,168.26885986328125,170.5012880710377,165.6278301234221,167.1227560608155,2006800
2024-03-19,171.82679748535156,173.42137608877206,167.69082644226157,168.42832874091673,1922200
2024-03-20,175.1156463623047,176.17205835093935,172.06698808192326,172.33507535876495,1969200
2024-03-21,173.54098510742188,177.20852967892156,171.78692882785765,176.8597227285439,2212100
2024-03-22,177.63706970214844,177.7666196078462,173.6256760204168,174.4080242359969,1608100
2024-03-25,186.6265411376953,188.41049453481824,178.93265473556784,179.39110536265048,3570600
2024-03-26,184.78280639648438,198.15740795257167,183.85594445415856,189.25760807823514,4228700
2024-03-27,184.2645721435547,189.4768763689262,181.72319498498447,187.44378376637397,2452100
2024-03-28,184.22471618652344,186.19801420606552,182.71484156729056,184.4041000032212,2050800
2024-04-01,185.3508758544922,188.17130455707297,182.7796014697312,185.4007097594907,1977500
2024-04-02,187.49362182617188,187.73280025108028,183.4971766286943,184.06026784928866,1875500
2024-04-03,189.61639404296875,192.5564271199691,186.2378621464491,187.8424165402046,2555800
2024-04-04,182.49058532714844,194.83867245119015,182.34109882245895,192.78564334853493,3747800
2024-04-05,192.42686462402344,194.19088145275128,180.80630358752845,181.70326825626572,4330700
2024-04-08,191.33058166503906,196.97143913455662,187.47367764748088,194.20583225807346,1663500
2024-04-09,187.46371459960938,194.1809052678845,184.4240288841926,191.94849231532086,1958600
2024-04-10,190.4336395263672,193.17433715918665,181.88266108710965,182.8792784081349,3861900
2024-04-11,192.22755432128906,193.62281249203326,189.35729156184556,190.9219880599841,2267300
2024-04-12,191.02163696289062,192.59629412914364,189.70611002844493,191.31066449726444,1801400
2024-04-15,184.77284240722656,195.33699193127717,184.15494454394346,193.4334492275314,2531500
2024-04-16,186.01861572265625,187.63811885918975,182.49059711945645,184.40410053899217,2982700
2024-04-17,184.77284240722656,188.40052879194906,182.01222341940334,187.28432227578006,3282900
2024-04-18,183.23805236816406,187.63114605089365,182.47065281017143,185.5003778352169,1654200
2024-04-19,180.28805541992188,185.3309515062968,177.04904933985515,182.67994595719773,3413600
2024-04-22,182.6002197265625,183.22809348086838,177.60717261553705,180.98570459511643,2327500
2024-04-23,187.6132049560547,189.1081308919595,183.34768416884677,183.34768416884677,2387300
2024-04-24,185.5302734375,193.71249265546305,183.02577376749764,186.09833737001003,2266400
2024-04-25,187.37400817871094,189.88449950054857,184.77782443838504,184.97217210622534,2908900
2024-04-26,187.7327880859375,188.7393812494445,185.00206653069483,186.28270815020193,1826600
2024-04-29,187.97198486328125,189.7758596980491,185.51033897723158,187.79258584603494,2205500
2024-04-30,185.31101989746094,188.75930717808026,185.08180218054844,187.97198621624716,2173200
2024-05-01,183.93568420410156,187.56835847615838,183.2978497481934,185.6199698536393,2717000
2024-05-02,185.55020141601562,186.54681871494924,182.97894216707928,184.37420030271707,3071000
2024-05-03,194.2008514404297,196.602702829582,187.36405602197905,188.68955888146343,3480200
2024-05-06,197.03123474121094,198.23714835051072,193.46334302630532,197.08106864703166,2708000
2024-05-07,199.88156127929688,204.38627568878243,196.6824282939329,198.02785251133133,2797300
2024-05-08,207.29640197753906,207.56549291119154,197.4398573187209,197.86839546567353,3992100
2024-05-09,215.1796417236328,215.2194997238896,202.313308920402,204.73508162429187,4313500
2024-05-10,214.20294189453125,219.7740439744517,211.14333479260438,219.7740439744517,2744700
2024-05-13,212.8674774169922,217.93528288723067,211.87086015463575,216.26594593134908,1919300
2024-05-14,217.00344848632812,217.17287159630712,210.05702494132652,213.84417358506028,1951000
2024-05-15,222.5546112060547,223.95984527640806,219.0166166800507,219.39533612779306,2682200
2024-05-16,215.60818481445312,224.0395739333015,215.5085322079333,222.97318611404384,3539800
2024-05-17,212.3891143798828,216.97555220335195,209.1999420467733,215.62812061965423,3057300
2024-05-20,214.3424835205078,214.51190663151718,210.43573044048546,213.22626183742742,2326200
2024-05-21,221.8370361328125,221.91676733986742,214.7710232855747,215.19956141542548,1881100
2024-05-22,219.3654327392578,223.6459021833195,217.1230438323718,221.3487066248193,1573700
2024-05-23,220.41188049316406,227.27857291911175,219.99330306194665,223.0230128909754,2658300
2024-05-24,229.849853515625,235.50067180021094,220.89025848479466,222.55460755636705,2670600
2024-05-28,230.48768615722656,233.98580738937775,221.06965575745562,231.95271479798794,2602200
2024-05-29,220.32960510253906,228.45447058421402,218.48303853516845,226.35836881749168,3809400
2024-05-30,224.54176330566406,224.87113637017484,219.59097818697293,221.91664810178537,2040800
2024-05-31,216.84608459472656,224.06263817425912,207.61328237377734,223.64342087403935,5618300
2024-06-03,207.872802734375,216.79618414686357,203.67063839010322,215.09934779042456,4922600
2024-06-04,202.7623291015625,208.11236459927875,196.47403877981674,206.60517741774615,4666700
2024-06-05,208.94081115722656,212.45427096485832,204.06987928053843,204.10981344074517,4502200
2024-06-06,202.22332763671875,209.4199141142791,195.8452086769835,209.11049291008598,4842100
2024-06-07,197.6318817138672,203.6207266142874,197.15277838635123,201.70429807380336,4558700
2024-06-10,214.23097229003906,214.37071139772243,197.76364369759924,199.15903958935297,5719600
2024-06-11,217.90411376953125,219.1517897589866,210.0587265386192,210.76741320201455,3701900
2024-06-12,217.72445678710938,221.35768867669918,211.7555638588819,220.85861827851144,3137900
2024-06-13,219.52110290527344,219.95031137705314,213.7219071865719,219.90040129004336,2238200
2024-06-14,214.50045776367188,218.46307806776247,210.56779569639662,218.39321612964756,2373800
2024-06-17,211.62582397460938,214.32080118141297,208.32198024960323,213.47237538000238,3321100
2024-06-18,220.00021362304688,220.78873814018462,208.72621530739298,212.39437050036074,2714700
2024-06-20,221.8966827392578,227.34653830511863,218.882293205378,223.4038851214078,3075100
2024-06-21,217.72445678710938,224.162461877647,215.33890089298885,222.58539759172342,5513400
2024-06-24,215.6982421875,220.4394111900582,214.95062653285436,217.59470369635505,2474100
2024-06-25,221.95657348632812,222.04641773695434,213.78179757835903,216.09749163535358,2305100
2024-06-26,209.9189910888672,221.7868846978092,207.06430776611512,220.1599255359415,4237000
2024-06-27,204.39927673339844,207.53343831174269,200.88581676817537,207.20405001215113,4733600
2024-06-28,199.8976593017578,206.914587802762,199.06920062245263,204.86839614716916,10579100
2024-07-01,204.6687774658203,213.19289333719598,202.7623248510379,207.80293902035854,4168400
2024-07-02,205.7667236328125,211.4062283953486,202.72240632085376,203.08173762471523,1905300
2024-07-03,209.679443359375,212.03504100586898,201.63441578716234,204.92828344485648,1612700
2024-07-05,210.8971710205078,212.36443927122497,207.68317153320697,209.60957604050117,1601600
2024-07-08,215.32891845703125,216.02761399670288,210.8572517727123,211.4361752857032,1634400
2024-07-09,215.55850219726562,221.95657339732938,214.6601663043074,216.63648090014271,1773200
2024-07-10,219.14181518554688,219.55105656791292,213.34261958765987,217.77435193598473,2584300
2024-07-11,216.4368438720703,220.13296211817888,214.78991767121033,219.15178802204073,2438200
2024-07-12,216.73629760742188,220.72886089777168,211.91229044430182,215.85792880981043,1760700
2024-07-15,212.48422241210938,219.24162479050784,211.2445271286107,216.5965577124547,2164300
2024-07-16,204.4990997314453,214.61025606213056,203.68061693381046,213.74187840693986,4049600
2024-07-17,186.32293701171875,202.68246373724918,185.42461640460212,201.7542001252566,6748700
2024-07-18,186.9318084716797,192.48146890258818,177.73894019995694,190.01605989936934,5484900
2024-07-19,188.94805908203125,189.58686859359102,186.0534415840103,187.6704400589117,2827000
2024-07-22,190.06597900390625,196.4540895880255,188.25934650061433,191.88260266317656,1868800
2024-07-23,189.51699829101562,191.80474455136215,187.94992507653902,189.31737316712582,1856600
2024-07-24,174.75450134277344,187.9399334042952,174.3752029471303,187.9399334042952,4910100
2024-07-25,170.11312866210938,176.51121482392352,165.56160906626187,176.3714757216096,5542000
2024-07-26,174.7145538330078,176.740793609875,171.1212561961006,176.21176498932402,3469300
2024-07-29,172.35894775390625,176.820638392877,170.80984649776912,175.7226926401691,2100100
2024-07-30,168.37637329101562,174.704582281487,165.4418369143109,173.14748507680773,3517100
2024-07-31,189.44712829589844,196.13466865958134,182.65976775930474,192.9206540412299,7483700
2024-08-01,177.2398681640625,193.90881638369234,176.2916222250902,187.94193388297072,4482100
2024-08-02,166.7693634033203,175.00402484095065,161.13785482656849,174.14562316065968,6099200
2024-08-05,169.65399169921875,172.43879780857353,155.31071338645617,155.9495228843624,5430800
2024-08-06,180.70339965820312,183.4882209564783,168.07692491492693,173.31716399683057,6322100
2024-08-07,179.32598876953125,189.73659052461687,176.5711102760124,189.73659052461687,6154900
2024-08-08,186.68228149414062,187.2811720948238,176.09200649268504,182.90931030893032,3338800
2024-08-09,189.51699829101562,189.74658165238853,182.72965269623856,186.7321920212644,3204000
2024-08-12,187.3300018310547,190.8300018310547,183.6999969482422,190.0,2232300
2024-08-13,189.41000366210938,190.85000610351562,187.07000732421875,189.33999633789062,2349000
2024-08-14,186.14999389648438,189.88999938964844,182.2100067138672,188.9600067138672,2327900
2024-08-15,190.38999938964844,192.5800018310547,185.49000549316406,186.39999389648438,4241900
2024-08-16,189.97999572753906,191.36000061035156,185.8300018310547,191.22000122070312,2572300
2024-08-19,192.77999877929688,192.8800048828125,185.55999755859375,189.61000061035156,2025100
2024-08-20,190.72000122070312,193.5,189.63900756835938,193.0,2507000
2024-08-21,196.74000549316406,197.3300018310547,190.97999572753906,191.47999572753906,2404200
2024-08-22,194.9499969482422,198.80799865722656,194.7100067138672,195.57000732421875,1520300
2024-08-23,194.99000549316406,197.3300018310547,192.52000427246094,195.00999450683594,2683300
2024-08-26,194.88999938964844,197.99000549316406,193.0800018310547,195.5,1953400
2024-08-27,196.13999938964844,198.3000030517578,193.57000732421875,194.88999938964844,1703200
2024-08-28,193.77000427246094,197.4499969482422,192.41000366210938,197.19000244140625,2493200
2024-08-29,194.44000244140625,199.11000061035156,192.30999755859375,195.91000366210938,2463800
2024-08-30,196.6999969482422,197.80999755859375,195.14999389648438,195.25999450683594,2239400
2024-09-03,177.77999877929688,195.8000030517578,177.17999267578125,195.5,4252300
2024-09-04,177.52000427246094,182.75,176.0,177.67999267578125,3310400
2024-09-05,176.07000732421875,179.75,175.11000061035156,177.97000122070312,2444900
2024-09-06,173.11000061035156,176.63999938964844,171.94000244140625,175.80999755859375,3390300
2024-09-09,174.9199981689453,176.35000610351562,171.0399932861328,176.35000610351562,2184400
2024-09-10,180.25,181.2050018310547,173.86000061035156,176.85000610351562,2301800
2024-09-11,187.25,188.14999389648438,179.14500427246094,181.52999877929688,2846900
2024-09-12,189.92999267578125,191.67999267578125,184.19000244140625,187.0,2154900
2024-09-13,195.97999572753906,197.80999755859375,189.17999267578125,191.4499969482422,2613600
2024-09-16,199.25,199.52999877929688,192.69000244140625,195.0,2264000
2024-09-17,201.22999572753906,204.6999969482422,198.25,200.0,2881700
2024-09-18,200.3300018310547,204.9530029296875,198.4199981689453,201.9600067138672,1796000
2024-09-19,208.5,208.63999938964844,202.47000122070312,205.11000061035156,3432600
2024-09-20,254.97999572753906,255.24000549316406,233.0,235.16000366210938,15031400
2024-09-23,257.1199951171875,271.8500061035156,252.11000061035156,259.55999755859375,10270000
2024-09-24,253.49000549316406,259.44000244140625,251.08799743652344,254.0800018310547,4562700
2024-09-25,262.8599853515625,267.0899963378906,253.24000549316406,254.44000244140625,6246200
2024-09-26,256.7699890136719,270.1199951171875,254.5,263.8299865722656,4072200
2024-09-27,257.0,262.3999938964844,255.33999633789062,257.17999267578125,2598100
2024-09-30,260.0199890136719,261.1199951171875,251.27499389648438,257.75,2899300
2024-10-01,265.6099853515625,266.0,253.9600067138672,259.1000061035156,3179800
2024-10-02,265.3800048828125,269.7200012207031,261.6499938964844,264.9100036621094,3233600
2024-10-03,277.3699951171875,279.510009765625,268.0,272.1499938964844,4274200
2024-10-04,285.5199890136719,286.0,275.6000061035156,277.9100036621094,3829200
2024-10-07,278.55999755859375,288.75299072265625,274.0,285.0,3477000
2024-10-08,279.3900146484375,281.3999938964844,273.1000061035156,278.8900146484375,2599100
2024-10-09,262.2799987792969,276.04998779296875,257.5,276.04998779296875,5235800
2024-10-10,262.30999755859375,267.760009765625,259.0299987792969,261.05999755859375,2733500
2024-10-11,266.2200012207031,266.8999938964844,249.0500030517578,256.3900146484375,4477700
2024-10-14,271.739990234375,272.82000732421875,265.2099914550781,267.57000732421875,2229300
2024-10-15,266.1499938964844,269.79998779296875,262.3399963378906,269.79998779296875,3000900
2024-10-16,279.79998779296875,280.239990234375,264.1199951171875,268.2200012207031,2469300
2024-10-17,271.20001220703125,285.0,270.5400085449219,285.0,3209900
2024-10-18,270.1600036621094,272.5799865722656,265.0,267.7799987792969,1708800
2024-10-21,273.7200012207031,274.1199951171875,268.010009765625,273.0799865722656,1650900
2024-10-22,266.0,271.42498779296875,265.8500061035156,270.3699951171875,2134100
2024-10-23,266.04998779296875,267.9259948730469,262.6099853515625,265.0,2633700
2024-10-24,264.5,267.79998779296875,262.57000732421875,267.7900085449219,1553700
2024-10-25,264.4100036621094,269.739990234375,263.0899963378906,269.0,2016200
2024-10-28,266.9800109863281,271.19000244140625,265.010009765625,266.8900146484375,1542500
2024-10-29,265.0,267.2300109863281,261.70001220703125,266.2799987792969,1829700
2024-10-30,261.7799987792969,268.0,261.42999267578125,266.8800048828125,1831000
2024-10-31,262.9599914550781,264.19000244140625,259.3500061035156,261.739990234375,2290900
2024-11-01,258.1000061035156,264.7699890136719,256.82000732421875,262.7300109863281,2804500
2024-11-04,225.9499969482422,235.4980010986328,224.67999267578125,232.5,10719400
2024-11-05,233.75,236.86000061035156,227.0,230.35000610351562,6347400
2024-11-06,234.99000549316406,242.0,233.75999450683594,238.82000732421875,4790100
2024-11-07,241.58999633789062,248.35000610351562,238.39700317382812,242.52000427246094,4154900
2024-11-08,239.3699951171875,248.0,236.8300018310547,243.25,5162100
2024-11-11,237.27000427246094,243.91000366210938,234.2899932861328,241.99000549316406,3382100
2024-11-12,228.6999969482422,235.97999572753906,225.69000244140625,235.44000244140625,4460000
2024-11-13,225.9600067138672,232.77000427246094,225.61000061035156,231.0,2979500
2024-11-14,225.3800048828125,231.5399932861328,225.1199951171875,228.1999969482422,2513200
2024-11-15,224.27999877929688,227.75,221.66000366210938,224.85000610351562,2717400
2024-11-18,230.27999877929688,232.0399932861328,221.17999267578125,225.99000549316406,3295000
2024-11-19,234.5800018310547,234.88999938964844,226.10000610351562,226.30499267578125,2197500
2024-11-20,235.4199981689453,241.47999572753906,232.13999938964844,238.13999938964844,2567600
2024-11-21,251.83999633789062,252.19000244140625,234.11000061035156,237.30999755859375,3586400
2024-11-22,249.88999938964844,253.22999572753906,245.02999877929688,251.2100067138672,2471600
2024-11-25,248.92999267578125,255.61000061035156,243.0,253.5,3459600
2024-11-26,266.7300109863281,267.1300048828125,249.1999969482422,249.5500030517578,3881600
2024-11-27,253.38999938964844,266.0,250.85000610351562,265.0,2298200
2024-11-29,256.55999755859375,260.78900146484375,255.1999969482422,257.9800109863281,1185700
2024-12-02,249.5800018310547,258.44000244140625,249.50999450683594,257.0,1908400
2024-12-03,247.50999450683594,254.17999267578125,246.5800018310547,251.4709930419922,1784600
2024-12-04,254.1999969482422,257.6600036621094,251.0,252.67999267578125,2701200
2024-12-05,256.0899963378906,259.760009765625,253.10000610351562,253.72000122070312,2118200
2024-12-06,253.6300048828125,258.57000732421875,250.4199981689453,256.45001220703125,1329700
2024-12-09,239.85000610351562,254.0,236.3300018310547,253.7899932861328,3262400
2024-12-10,232.33999633789062,239.5,230.7100067138672,237.8800048828125,2771500
2024-12-11,236.60000610351562,239.447998046875,232.1199951171875,234.77000427246094,2386700
2024-12-12,239.02000427246094,248.1300048828125,238.9199981689453,242.9600067138672,2822000
2024-12-13,239.07000732421875,243.4199981689453,236.5,241.99000549316406,2004800
2024-12-16,239.3000030517578,243.6999969482422,237.2480010986328,240.0500030517578,1974400
2024-12-17,234.24000549316406,238.0800018310547,228.86000061035156,237.66000366210938,2506500
2024-12-18,225.75999450683594,236.99000549316406,224.77000427246094,234.32000732421875,3173700
2024-12-19,225.1699981689453,233.7899932861328,224.97999572753906,228.86000061035156,3626800
2024-12-20,227.02000427246094,231.6999969482422,219.63999938964844,221.82000732421875,4985400
2024-12-23,228.27999877929688,229.36000061035156,221.6999969482422,227.0,1935200
2024-12-24,229.7899932861328,230.11000061035156,227.156005859375,229.2449951171875,978400
2024-12-26,228.63999938964844,230.22999572753906,227.31900024414062,228.57000732421875,920500
2024-12-27,226.5399932861328,228.17999267578125,222.74009704589844,228.17999267578125,1464679
